Occupation,Low,Mid-Low,Average,Mid-High,High,Cincinnati ,Degreed
Total - All Occupations,29100,36600,49800,75300,111300,1156201.241,High School/Trades
Chief Executives,87700,137000,220900,315600,425500,1721.655627,Bachelor's degree
General and Operations Managers,49000,68100,104600,158200,223800,29055.96462,Bachelor's degree
Legislators,23300,25500,37300,78800,137800,361.6681886,Bachelor's degree
Advertising and Promotions Managers,67100,86900,105200,120100,153700,76.16850413,Bachelor's degree
Marketing Managers,82400,106300,142300,185100,225200,1982.642392,Bachelor's degree
Sales Managers,70700,94800,139700,189100,254800,3551.161729,Bachelor's degree
Public Relations Managers,66600,96500,122900,164900,203400,264.3345895,Bachelor's degree
Fundraising Managers,70800,88100,110800,146000,189400,198.8062382,Bachelor's degree
Administrative Services Managers,63200,78300,101800,136000,174600,1510.792785,Bachelor's degree
Facilities Managers,62600,79000,100400,128600,156400,996.4842394,Bachelor's degree
Computer and Information Systems Managers,103900,134100,170100,198000,237000,2868.003811,Bachelor's degree
Financial Managers,84900,111200,146200,193300,260500,6169.255843,Bachelor's degree
Industrial Production Managers,70000,87500,111600,142700,179700,2428.938093,Bachelor's degree
Purchasing Managers,86100,110300,141700,171300,208900,587.4648507,Bachelor's degree
"Transportation, Storage, and Distribution Managers",62900,79900,102900,134100,169500,1805.07129,High School/Trades
Compensation and Benefits Managers,98700,115100,149400,189400,231000,82.06239861,Bachelor's degree
Human Resources Managers,81800,101900,134700,174800,234300,1395.394935,Bachelor's degree
Training and Development Managers,71800,87200,112500,135400,172700,204.8743223,Bachelor's degree
"Farmers, Ranchers, and Other Agricultural Managers",46600,61200,79500,103000,127900,2743.490492,High School/Trades
Construction Managers,62700,76700,100800,130100,154000,3334.417127,Bachelor's degree
"Education and Childcare Administrators, Preschool and Daycare",37200,40400,46600,59100,78100,555.6981028,Bachelor's degree
"Education Administrators, Kindergarten through Secondary",64700,83300,103400,121000,138100,2104.862283,Master's degree
"Education Administrators, Postsecondary",60400,67200,105100,146700,211100,1175.866257,Master's degree
"Education Administrators, All Other",45300,51100,64300,83100,102500,361.2766446,Bachelor's degree
Architectural and Engineering Managers,115300,141400,171600,200800,236200,1401.964267,Bachelor's degree
Food Service Managers,39300,50800,62700,76500,93800,3089.423346,High School/Trades
Gambling Managers,50700,65100,82500,111800,152600,34.863429,High School/Trades
"Entertainment and Recreation Managers, Except Gambling",37800,47000,58900,71700,104000,271.175253,Bachelor's degree
Lodging Managers,38000,43300,53300,74000,101900,281.7609727,High School/Trades
Medical and Health Services Managers,69300,87600,112000,146300,190500,4110.370465,Bachelor's degree
Natural Sciences Managers,65900,89700,133200,163400,190400,246.1506118,Bachelor's degree
Postmasters and Mail Superintendents,85700,89700,94600,104500,119700,118.9687561,High School/Trades
"Property, Real Estate, and Community Association Managers",40900,50600,62000,77600,106700,2906.620047,High School/Trades
Social and Community Service Managers,46700,54500,72100,87400,113000,918.75292,Bachelor's degree
Emergency Management Directors,52100,65700,89400,132900,170700,54.32300227,Bachelor's degree
Funeral Home Managers,45900,63400,82600,107400,126000,131.748785,High School/Trades
"Personal Service Managers, All Other",47000,49200,51800,58100,109600,153.7223161,High School/Trades
"Managers, All Other",74800,105300,139700,176900,218500,5762.001695,Bachelor's degree
"Agents and Business Managers of Artists, Performers, and Athletes",50300,66100,89300,133200,236700,49.28585083,Bachelor's degree
"Buyers and Purchasing Agents, Farm Products",44500,56800,74600,93500,115900,113.0340595,Bachelor's degree
"Wholesale and Retail Buyers, Except Farm Products",44500,56900,74600,93500,115900,1161.299031,Bachelor's degree
"Purchasing Agents, Except Wholesale, Retail, and Farm Products",44500,56800,74600,93500,115900,2834.901459,Bachelor's degree
"Claims Adjusters, Examiners, and Investigators",47500,58400,78500,90500,103400,1810.129437,High School/Trades
"Insurance Appraisers, Auto Damage",55400,61900,71400,79700,94700,71.58225594,High School/Trades
Compliance Officers,50300,63100,81700,104700,129100,2333.226738,Bachelor's degree
Cost Estimators,46400,60200,77000,97200,122600,1704.997465,Bachelor's degree
Human Resources Specialists,40900,52000,67100,87100,112400,6801.927948,Bachelor's degree
Farm Labor Contractors,26700,32300,44900,62100,85500,1.932915445,High School/Trades
Labor Relations Specialists,53400,67700,84800,97400,120200,509.2398871,Bachelor's degree
Logisticians,51500,63300,81400,101500,129600,1858.759504,Bachelor's degree
Project Management Specialists,57700,71800,94600,120800,142000,6292.454535,Bachelor's degree
Management Analysts,61900,69800,88400,118600,145500,5940.188084,Bachelor's degree
"Meeting, Convention, and Event Planners",34300,43200,54200,71500,87800,937.0198836,Bachelor's degree
Fundraisers,41100,44500,64400,84500,107600,787.6082055,Bachelor's degree
"Compensation, Benefits, and Job Analysis Specialists",50800,64300,78900,97700,114800,571.7561792,Bachelor's degree
Training and Development Specialists,34700,47800,66200,85000,107400,2860.797714,Bachelor's degree
Market Research Analysts and Marketing Specialists,43400,54100,72900,101700,132700,5976.554762,Bachelor's degree
"Business Operations Specialists, All Other",42100,54200,72500,99600,129600,6221.093503,Bachelor's degree
Accountants and Auditors,51300,63900,81400,104200,132800,10238.70703,Bachelor's degree
Appraisers of Personal and Business Property,37200,45300,68900,93500,121900,19.24781093,Bachelor's degree
Appraisers and Assessors of Real Estate,37200,45300,68900,93500,121900,425.9288314,Bachelor's degree
Budget Analysts,63100,72900,84100,105400,126500,203.9371056,Bachelor's degree
Credit Analysts,52600,61600,75600,105500,165100,654.567996,Bachelor's degree
Financial and Investment Analysts,55300,68500,86000,107000,139000,2095.191606,Bachelor's degree
Personal Financial Advisors,49000,69900,105500,176600,245500,2394.40575,Bachelor's degree
Insurance Underwriters,51400,65300,81200,103100,124600,1024.096445,Bachelor's degree
Financial Risk Specialists,65900,82000,105700,144400,155100,421.128948,Bachelor's degree
Financial Examiners,50400,65800,86600,109300,142500,755.0419468,Bachelor's degree
Credit Counselors,40500,43300,50700,64200,86500,151.2016524,Bachelor's degree
Loan Officers,40800,52600,68400,103200,137600,2448.515403,Bachelor's degree
"Tax Examiners and Collectors, and Revenue Agents",46200,53100,61400,71700,105000,902.531415,Bachelor's degree
Tax Preparers,29000,35400,50300,60500,87300,426.2172674,High School/Trades
"Financial Specialists, All Other",49900,63300,78400,102400,129700,937.9451022,Bachelor's degree
Computer Systems Analysts,68000,84700,106300,130700,158400,3620.783627,Bachelor's degree
Information Security Analysts,67800,87000,110000,140200,171500,1237.939852,Bachelor's degree
Computer and Information Research Scientists,81800,108700,141200,178900,222500,63.98083932,Master's degree
Computer Network Support Specialists,43200,54000,69500,90000,114700,1595.129254,High School/Trades
Computer User Support Specialists,40400,48000,56700,72400,88300,4645.420114,High School/Trades
Computer Network Architects,81900,108400,135800,165600,188300,1055.480533,Bachelor's degree
Database Administrators,54700,71700,103200,133700,149400,473.1326426,Bachelor's degree
Database Architects,79600,102500,129300,137200,158200,409.1483285,Bachelor's degree
Network and Computer Systems Administrators,65100,84600,111400,141400,163700,3602.858083,Bachelor's degree
Computer Programmers,59200,80200,110300,133700,168800,604.2642935,Bachelor's degree
Software Developers,78300,93500,114400,139000,164400,8374.220423,Bachelor's degree
Software Quality Assurance Analysts and Testers,59900,74900,87600,105400,126300,1022.236011,Bachelor's degree
Web Developers,52000,64000,84200,117100,139600,394.859501,Bachelor's degree
Web and Digital Interface Designers,48900,65300,86300,124300,156000,608.245575,Bachelor's degree
"Computer Occupations, All Other",50100,67100,100200,132300,160400,1580.392687,Bachelor's degree
Actuaries,80700,86100,109100,159400,179000,258.2291177,Bachelor's degree
Mathematicians,62700,81600,112400,142200,174400,11.33908601,Master's degree
Operations Research Analysts,63600,73700,89200,113600,136500,802.1153854,Bachelor's degree
Statisticians,63600,78600,105000,120400,142400,86.36037751,Master's degree
Data Scientists,62300,82100,107000,132200,148600,1155.105648,Bachelor's degree
"Mathematical Science Occupations, All Other",39300,50700,70200,97700,147900,14.06801975,Bachelor's degree
"Architects, Except Landscape and Naval",54700,68400,99800,128200,147700,767.7444352,Bachelor's degree
Landscape Architects,38600,42700,63600,90300,106200,134.3121472,Bachelor's degree
Cartographers and Photogrammetrists,50200,62100,78000,96900,114600,38.56765039,Bachelor's degree
Surveyors,42800,52400,66700,94500,106400,284.4089578,Bachelor's degree
Aerospace Engineers,82200,108500,137300,148300,178200,1057.834267,Bachelor's degree
Agricultural Engineers,64700,81200,91300,103800,128100,11.73042219,Bachelor's degree
Bioengineers and Biomedical Engineers,66000,85000,110400,128000,169400,109.5945793,Bachelor's degree
Chemical Engineers,79800,95600,117200,148300,168100,213.5773811,Bachelor's degree
Civil Engineers,63600,72400,89100,112200,136600,1729.168336,Bachelor's degree
Computer Hardware Engineers,52900,82300,88400,92700,110100,228.1525027,Bachelor's degree
Electrical Engineers,76700,86600,109600,131800,162200,1424.991193,Bachelor's degree
"Electronics Engineers, Except Computer",67000,83900,109400,136500,166300,626.0518179,Bachelor's degree
Environmental Engineers,69100,88200,114100,136600,155900,288.3797685,Bachelor's degree
"Health and Safety Engineers, Except Mining Safety Engineers and Inspectors",52100,76200,102000,128800,149300,137.5481519,Bachelor's degree
Industrial Engineers,73800,86200,107600,131700,146500,3488.34781,Bachelor's degree
Marine Engineers and Naval Architects,78500,84200,103500,129700,158600,29.68611806,Bachelor's degree
Materials Engineers,66700,83900,111000,142800,174700,430.8146465,Bachelor's degree
Mechanical Engineers,71700,84800,107100,134000,159700,2531.981458,Bachelor's degree
"Mining and Geological Engineers, Including Mining Safety Engineers",59100,84500,108500,123600,138300,32.03910069,Bachelor's degree
Nuclear Engineers,84600,103100,127100,145500,174200,29.86977314,Bachelor's degree
Petroleum Engineers,80900,107900,140200,180900,228200,55.53595564,Bachelor's degree
"Engineers, All Other",67100,86800,109600,141200,167700,1111.621615,Bachelor's degree
Architectural and Civil Drafters,42300,53300,66100,79300,109100,679.9431795,High School/Trades
Electrical and Electronics Drafters,51300,58900,77100,86000,109500,165.7563208,High School/Trades
Mechanical Drafters,49900,55300,68600,84400,102800,433.8257985,High School/Trades
"Drafters, All Other",41600,46100,55400,67400,86100,121.9199758,High School/Trades
Aerospace Engineering and Operations Technologists and Technicians,50200,65700,80600,91600,106700,286.1040265,High School/Trades
Civil Engineering Technologists and Technicians,41000,48300,60500,69300,81000,424.0789485,High School/Trades
Electrical and Electronic Engineering Technologists and Technicians,50600,61200,76700,86900,105600,534.0662855,High School/Trades
Electro-Mechanical and Mechatronics Technologists and Technicians,54300,58700,64800,85700,99700,132.7777392,High School/Trades
Environmental Engineering Technologists and Technicians,39500,47800,53900,62700,92500,136.9656037,High School/Trades
Industrial Engineering Technologists and Technicians,42600,53200,66300,79100,93000,849.2400517,High School/Trades
Mechanical Engineering Technologists and Technicians,49400,54400,68200,84200,89400,336.7702975,High School/Trades
Calibration Technologists and Technicians,50800,54800,65100,86900,97800,111.7955004,High School/Trades
"Engineering Technologists and Technicians, Except Drafters, All Other",40800,47200,55300,73100,89000,336.0115468,High School/Trades
Surveying and Mapping Technicians,41000,46300,52600,68000,79300,314.7472323,High School/Trades
Animal Scientists,48100,55700,73200,105400,161100,13.92273781,Bachelor's degree
Food Scientists and Technologists,46600,49000,62300,89000,120800,131.560058,Bachelor's degree
Soil and Plant Scientists,35500,38900,50100,58500,89400,80.75897356,Bachelor's degree
Biochemists and Biophysicists,51700,65100,83500,93000,110100,157.0407477,Doctoral or professional degree
Microbiologists,41500,55100,83600,129700,164600,132.5820602,Bachelor's degree
Zoologists and Wildlife Biologists,46600,57600,70900,87900,108700,47.68138949,Bachelor's degree
"Biological Scientists, All Other",52500,63600,81400,105500,118700,134.1525564,Bachelor's degree
Conservation Scientists,46700,49500,63900,90000,144500,84.33826229,Bachelor's degree
Foresters,66000,83400,86500,89000,92100,38.47365952,Bachelor's degree
Epidemiologists,57300,61500,69200,84500,89300,42.78318144,Master's degree
"Medical Scientists, Except Epidemiologists",54700,72400,85400,113000,163000,515.0706079,Doctoral or professional degree
"Life Scientists, All Other",52300,66600,89100,128000,170400,47.14069537,Bachelor's degree
Astronomers,58500,87100,127000,167500,181700,12.50328604,Doctoral or professional degree
Physicists,74300,111900,147300,212400,261900,127.3407615,Doctoral or professional degree
Atmospheric and Space Scientists,50800,69700,93700,124300,155300,49.05072946,Bachelor's degree
Chemists,52200,65300,85800,107100,136300,768.9819409,Bachelor's degree
Materials Scientists,63000,79400,98200,106400,128100,64.75108359,Bachelor's degree
"Environmental Scientists and Specialists, Including Health",50100,60900,82200,97500,130300,406.191948,Bachelor's degree
"Geoscientists, Except Hydrologists and Geographers",56500,62800,85300,106800,126700,94.07341797,Bachelor's degree
Hydrologists,58400,70500,89500,114300,140100,36.77270248,Bachelor's degree
"Physical Scientists, All Other",74200,90800,129700,163200,188000,162.0210049,Bachelor's degree
Economists,51300,62400,110500,140700,173400,53.11880178,Master's degree
Survey Researchers,31800,42500,61200,81100,105800,30.1006103,Master's degree
Industrial-Organizational Psychologists,48600,92700,147500,210100,221300,54.62235498,Master's degree
Clinical and Counseling Psychologists,48100,76100,116500,151300,201600,305.432651,Doctoral or professional degree
School Psychologists,54300,86000,103500,114700,133900,400.9463199,Master's degree
"Psychologists, All Other",38700,95300,121700,135600,142500,299.6342322,Master's degree
Sociologists,61200,77200,101800,133300,162300,20.89282926,Master's degree
Urban and Regional Planners,52300,66300,83800,104200,117600,148.597284,Master's degree
Anthropologists and Archeologists,44400,51500,64300,81700,100700,27.40182869,Master's degree
Geographers,60400,71300,90300,108800,125000,5.405216293,Bachelor's degree
Historians,36800,52500,72500,92900,121400,15.37916677,Master's degree
Political Scientists,73900,97500,131000,163800,181000,19.90600306,Master's degree
"Social Scientists and Related Workers, All Other",51400,63200,82100,101400,121900,247.5688251,Bachelor's degree
Agricultural Technicians,31200,36800,43600,53100,64700,75.40400746,High School/Trades
Food Science Technicians,41800,49000,69600,78300,82300,110.3860188,High School/Trades
Biological Technicians,44200,52200,55800,69100,81000,573.1239487,Bachelor's degree
Chemical Technicians,41100,50600,57000,67300,80700,533.608287,High School/Trades
"Environmental Science and Protection Technicians, Including Health",35400,38900,51300,60500,68400,180.1503177,High School/Trades
"Geological Technicians, Except Hydrologic Technicians",35600,44100,54300,74800,108000,38.93207682,High School/Trades
Hydrologic Technicians,38500,45700,56600,75600,90800,13.0415606,High School/Trades
Nuclear Technicians,63000,76500,98900,110100,125200,13.72458617,High School/Trades
Social Science Research Assistants,34800,46800,57000,82000,95800,174.7237083,Bachelor's degree
Forest and Conservation Technicians,26200,31800,35100,47100,80600,60.45489798,High School/Trades
Forensic Science Technicians,44700,52800,69900,88500,111900,66.6534282,Bachelor's degree
"Life, Physical, and Social Science Technicians, All Other",38000,40500,47600,59700,69600,494.8678301,High School/Trades
Occupational Health and Safety Specialists,48500,65100,84600,104500,131200,1091.51728,Bachelor's degree
Occupational Health and Safety Technicians,45000,51300,63100,74600,80800,217.5843778,High School/Trades
"Educational, Guidance, and Career Counselors and Advisors",43800,52400,65700,85300,103100,2180.431313,Master's degree
Marriage and Family Therapists,49100,53500,59800,67500,84500,186.0009877,Master's degree
Rehabilitation Counselors,33600,39000,45100,60200,80200,613.3065837,Master's degree
"Substance Abuse, Behavioral Disorder, and Mental Health Counselors",39800,48300,55200,67500,86000,3335.37626,High School/Trades
"Counselors, All Other",33800,43100,48000,50300,54400,282.4943372,Master's degree
"Child, Family, and School Social Workers",40200,44100,50000,57100,67900,2115.196751,Bachelor's degree
Healthcare Social Workers,47100,55700,67400,80300,88500,1416.380947,Master's degree
Mental Health and Substance Abuse Social Workers,39500,41700,47500,59100,75000,957.1433838,Master's degree
"Social Workers, All Other",38800,47400,65500,84800,101900,383.6777501,Bachelor's degree
Health Education Specialists,41300,51700,68700,87500,103900,355.1982515,Bachelor's degree
Probation Officers and Correctional Treatment Specialists,41800,54100,68000,79900,107000,287.9724758,Bachelor's degree
Social and Human Service Assistants,31700,36600,42500,52100,63500,2241.028035,High School/Trades
Community Health Workers,37300,41500,50700,60300,76600,349.8716429,High School/Trades
"Community and Social Service Specialists, All Other",29800,31200,42900,49800,63700,301.2983579,Bachelor's degree
Clergy,33200,43200,56000,74500,85100,2080.585916,Bachelor's degree
"Directors, Religious Activities and Education",31100,40500,51000,66400,94800,1184.434049,Bachelor's degree
"Religious Workers, All Other",24400,29100,38700,46000,51500,643.7856981,Bachelor's degree
Lawyers,75100,97100,136800,191100,265100,4288.832743,Doctoral or professional degree
Judicial Law Clerks,49000,59000,62100,75000,91400,24.89419311,Doctoral or professional degree
"Administrative Law Judges, Adjudicators, and Hearing Officers",79300,90200,110000,149900,202800,75.91983968,Doctoral or professional degree
"Arbitrators, Mediators, and Conciliators",37100,51300,69800,101700,142500,30.13672234,Bachelor's degree
"Judges, Magistrate Judges, and Magistrates",64400,107700,147500,173200,210000,220.9301952,Doctoral or professional degree
Paralegals and Legal Assistants,42700,49200,62200,67600,84200,1777.947497,High School/Trades
"Title Examiners, Abstractors, and Searchers",39000,43000,52700,64400,75800,340.7676548,High School/Trades
"Legal Support Workers, All Other",37600,47500,71000,114000,161400,132.7199575,High School/Trades
"Business Teachers, Postsecondary",51800,71700,92000,142000,183800,760.1429008,Doctoral or professional degree
"Computer Science Teachers, Postsecondary",39000,63200,86700,113100,144800,179.7525875,Doctoral or professional degree
"Mathematical Science Teachers, Postsecondary",51100,66200,84400,107300,147900,253.1467038,Doctoral or professional degree
"Architecture Teachers, Postsecondary",63300,83000,108600,136300,175100,42.72958364,Doctoral or professional degree
"Engineering Teachers, Postsecondary",63400,85400,110800,142900,200600,275.4414081,Doctoral or professional degree
"Agricultural Sciences Teachers, Postsecondary",51600,67000,88300,113200,150900,25.88700778,Doctoral or professional degree
"Biological Science Teachers, Postsecondary",56600,66200,86500,106500,135000,222.1224118,Doctoral or professional degree
"Forestry and Conservation Science Teachers, Postsecondary",60300,82700,102700,119800,141500,9.584043811,Doctoral or professional degree
"Atmospheric, Earth, Marine, and Space Sciences Teachers, Postsecondary",54800,69400,103800,138900,196000,34.94856936,Doctoral or professional degree
"Chemistry Teachers, Postsecondary",63400,68200,86700,109600,130500,111.3297125,Doctoral or professional degree
"Environmental Science Teachers, Postsecondary",53800,69200,92100,129000,167900,44.84262644,Doctoral or professional degree
"Physics Teachers, Postsecondary",36300,61900,86300,109400,167900,78.65138851,Doctoral or professional degree
"Anthropology and Archeology Teachers, Postsecondary",54400,70800,96700,128700,172800,12.06745539,Doctoral or professional degree
"Area, Ethnic, and Cultural Studies Teachers, Postsecondary",54300,68700,89600,115300,170500,52.07217969,Doctoral or professional degree
"Economics Teachers, Postsecondary",61400,86300,120300,172200,224000,48.49026543,Doctoral or professional degree
"Geography Teachers, Postsecondary",53500,69500,88800,112300,155800,23.0574033,Doctoral or professional degree
"Political Science Teachers, Postsecondary",54000,69400,97000,130700,173900,79.80188224,Doctoral or professional degree
"Psychology Teachers, Postsecondary",50000,64900,85600,105800,124800,215.0212008,Doctoral or professional degree
"Sociology Teachers, Postsecondary",36200,53300,80700,101400,109400,86.31395508,Doctoral or professional degree
"Social Sciences Teachers, Postsecondary, All Other",46500,62300,81400,110100,170800,52.14845769,Doctoral or professional degree
"Health Specialties Teachers, Postsecondary",69600,106300,187700,254000,324100,1237.29942,Doctoral or professional degree
"Nursing Instructors and Teachers, Postsecondary",54000,66200,80700,102800,123100,517.9657782,Doctoral or professional degree
"Education Teachers, Postsecondary",41700,53800,70900,89400,111700,480.2345916,Doctoral or professional degree
"Library Science Teachers, Postsecondary",55700,66900,82900,104000,132100,20.22788157,Doctoral or professional degree
"Criminal Justice and Law Enforcement Teachers, Postsecondary",48900,59000,72800,105200,137200,68.29545421,Doctoral or professional degree
"Law Teachers, Postsecondary",44000,71500,107900,144200,182000,51.10554479,Doctoral or professional degree
"Social Work Teachers, Postsecondary",48300,56000,76900,98400,128000,147.9346571,Doctoral or professional degree
"Art, Drama, and Music Teachers, Postsecondary",41500,54900,70200,86000,107800,587.3142009,Master's degree
"Communications Teachers, Postsecondary",49000,54600,70200,89000,108700,210.6911386,Doctoral or professional degree
"English Language and Literature Teachers, Postsecondary",41500,50800,69400,86200,105200,270.1710371,Doctoral or professional degree
"Foreign Language and Literature Teachers, Postsecondary",44700,53500,70200,92500,109100,122.9051779,Doctoral or professional degree
"History Teachers, Postsecondary",47800,67600,85700,102100,130300,99.05052766,Doctoral or professional degree
"Philosophy and Religion Teachers, Postsecondary",38700,65000,81600,102800,118100,100.3887134,Doctoral or professional degree
"Family and Consumer Sciences Teachers, Postsecondary",50600,62100,81600,108100,147100,28.27874038,Doctoral or professional degree
"Recreation and Fitness Studies Teachers, Postsecondary",40800,52000,70200,90100,107200,88.16494041,Doctoral or professional degree
"Career/Technical Education Teachers, Postsecondary",43100,53300,68000,86500,105900,618.8719156,High School/Trades
"Postsecondary Teachers, All Other",35000,53900,70300,89700,110200,1177.109171,Doctoral or professional degree
"Preschool Teachers, Except Special Education",29300,31200,35900,40200,48900,3499.329024,High School/Trades
"Kindergarten Teachers, Except Special Education",39000,49200,60100,66500,78000,715.9718048,Bachelor's degree
"Elementary School Teachers, Except Special Education",49900,54400,68200,86800,102100,8739.622392,Bachelor's degree
"Middle School Teachers, Except Special and Career/Technical Education",48700,52900,65400,82000,99600,4258.825374,High School/Trades
"Career/Technical Education Teachers, Middle School",48700,56100,65900,80400,99600,52.98821029,High School/Trades
"Secondary School Teachers, Except Special and Career/Technical Education",50700,61100,73000,88100,106200,9317.620393,High School/Trades
"Career/Technical Education Teachers, Secondary School",55200,68500,86800,92200,102500,420.05031,High School/Trades
"Special Education Teachers, Preschool",53000,61100,81800,86000,87000,159.9363741,Bachelor's degree
"Special Education Teachers, Kindergarten and Elementary School",49500,55100,68900,85500,102100,1414.36545,High School/Trades
"Special Education Teachers, Middle School",50400,54700,67900,83300,97800,810.9259442,Bachelor's degree
"Special Education Teachers, Secondary School",48900,63900,79400,88400,102300,1522.135182,Bachelor's degree
"Special Education Teachers, All Other",32200,48100,52700,67100,83100,140.9443094,Bachelor's degree
"Adult Basic Education, Adult Secondary Education, and English as a Second Language Instructors",40000,49800,63500,67400,69500,163.8346781,Bachelor's degree
Self-Enrichment Teachers,24900,30900,39100,50000,61200,2380.146436,High School/Trades
"Substitute Teachers, Short-Term",29500,35800,39000,43200,45200,1845.748058,Bachelor's degree
Tutors,22800,31800,47500,72500,99900,1315.371643,High School/Trades
"Teachers and Instructors, All Other",33100,49200,54100,71200,91500,598.3348233,Bachelor's degree
Archivists,39200,48200,61800,80700,103400,48.54308014,Master's degree
Curators,42900,47700,63100,81200,102400,116.0940217,Master's degree
Museum Technicians and Conservators,39800,42200,49000,53100,64600,125.3424643,Bachelor's degree
Librarians and Media Collections Specialists,41600,52100,65400,80700,89200,964.3126237,Master's degree
Library Technicians,29300,32500,38800,49100,61900,717.5178427,High School/Trades
Farm and Home Management Educators,37900,47500,60900,75800,85800,75.36211684,Master's degree
Instructional Coordinators,49600,61300,78800,86900,106700,928.2578164,Master's degree
"Teaching Assistants, Postsecondary",23500,24600,39900,60600,84000,591.7638703,Bachelor's degree
"Teaching Assistants, Except Postsecondary",26000,31200,37800,40900,46300,8551.948497,High School/Trades
"Educational Instruction and Library Workers, All Other",34400,42500,56200,81600,96400,477.7902883,Bachelor's degree
Art Directors,54400,63600,87300,110900,146300,784.2930529,Bachelor's degree
Craft Artists,35600,39100,41100,41400,47600,86.66742304,High School/Trades
"Fine Artists, Including Painters, Sculptors, and Illustrators",26100,39500,52900,69700,74200,161.4034124,Bachelor's degree
Special Effects Artists and Animators,45400,57200,66500,79800,156800,321.606839,Bachelor's degree
"Artists and Related Workers, All Other",30500,32100,43700,64000,107600,73.74482696,High School/Trades
Commercial and Industrial Designers,47000,56400,76500,97100,107600,296.3833677,Bachelor's degree
Fashion Designers,31800,41300,65800,87100,96500,118.8877749,Bachelor's degree
Floral Designers,27400,29800,32100,38000,44300,317.5151424,High School/Trades
Graphic Designers,38300,47500,56200,69400,92400,1912.945247,Bachelor's degree
Interior Designers,39500,47700,59400,69200,85700,583.6892156,Bachelor's degree
Merchandise Displayers and Window Trimmers,33100,36300,39600,47600,54900,1588.073484,High School/Trades
Set and Exhibit Designers,40400,44500,51000,64000,74100,164.6329442,Bachelor's degree
"Designers, All Other",36200,46300,64800,87200,117200,165.986173,Bachelor's degree
Actors,22200,22200,22300,24400,32600,312.1037258,High School/Trades
Producers and Directors,40200,43900,62600,84100,105900,587.8178484,Bachelor's degree
Athletes and Sports Competitors,41000,57600,106900,252500,363700,222.5596751,High School/Trades
Coaches and Scouts,25900,32100,42400,64800,84300,3114.56537,Bachelor's degree
"Umpires, Referees, and Other Sports Officials",23200,28900,35400,46200,60400,160.7519115,High School/Trades
Dancers,25800,30700,44100,63300,82600,132.2716254,High School/Trades
Choreographers,30100,37200,50300,73000,86300,34.77678421,High School/Trades
Music Directors and Composers,38500,50000,64500,82600,105400,371.0430932,Bachelor's degree
Musicians and Singers,30800,46000,78900,125500,193700,1205.440115,High School/Trades
"Disc Jockeys, Except Radio",23000,31400,40400,64400,108700,134.3999998,High School/Trades
"Entertainers and Performers, Sports and Related Workers, All Other",23900,31000,41300,61200,92000,177.9434654,High School/Trades
Broadcast Announcers and Radio Disc Jockeys,30200,40100,51300,80300,142500,123.325436,Bachelor's degree
"News Analysts, Reporters, and Journalists",31700,37600,47900,75200,90900,254.719135,Bachelor's degree
Public Relations Specialists,39700,51800,71000,93200,116100,1703.567341,Bachelor's degree
Editors,41700,51200,65500,85700,107900,435.2651208,Bachelor's degree
Technical Writers,52900,61800,74500,94000,105500,305.92396,Bachelor's degree
Writers and Authors,35500,47500,66400,82300,102400,849.9065659,Bachelor's degree
Interpreters and Translators,40600,50700,58600,73200,83900,494.6670863,Bachelor's degree
Court Reporters and Simultaneous Captioners,27300,42000,58000,92600,143800,72.82761443,High School/Trades
"Media and Communication Workers, All Other",24400,42300,44300,44800,55600,71.5619707,High School/Trades
Audio and Video Technicians,33200,37500,52000,67200,79300,388.7487621,High School/Trades
Broadcast Technicians,24300,29200,30000,42200,79300,212.9162459,High School/Trades
Sound Engineering Technicians,24900,47500,56600,62600,84800,92.08719039,High School/Trades
Lighting Technicians,37700,46900,60400,79600,117800,52.29543836,High School/Trades
Photographers,24700,32000,37600,47000,62700,904.5179728,High School/Trades
"Camera Operators, Television, Video, and Film",38200,43400,48900,68300,77000,160.7416973,Bachelor's degree
Film and Video Editors,23500,41000,49900,59800,71100,216.1263337,Bachelor's degree
"Media and Communication Equipment Workers, All Other",31600,53100,70600,74700,75100,57.03368032,High School/Trades
Chiropractors,45500,65100,91100,114600,164600,338.3371221,Doctoral or professional degree
"Dentists, General",90100,117000,147100,189000,229700,798.9140934,Doctoral or professional degree
Oral and Maxillofacial Surgeons,96300,217600,288200,353900,429100,28.03159613,Doctoral or professional degree
Orthodontists,93300,136700,233700,290500,352900,42.18985625,Doctoral or professional degree
Prosthodontists,98700,177500,231900,285000,346100,3.988285001,Doctoral or professional degree
"Dentists, All Other Specialists",113000,189400,228500,279300,339100,41.208115,Doctoral or professional degree
Dietitians and Nutritionists,51400,56500,67700,80900,92300,594.6041931,Bachelor's degree
Optometrists,81600,122400,145600,169100,226100,391.2377997,Doctoral or professional degree
Pharmacists,71600,131200,142200,158800,169400,2518.404654,Doctoral or professional degree
Physician Assistants,83100,108000,123900,136900,163600,953.3497982,Master's degree
Podiatrists,70200,109900,142600,222800,273800,73.06019041,Doctoral or professional degree
Occupational Therapists,71200,83600,101700,112500,123900,1078.179726,Master's degree
Physical Therapists,77000,85300,104900,116500,135900,1696.448525,Doctoral or professional degree
Radiation Therapists,65500,69500,89100,107500,136400,163.636541,High School/Trades
Recreational Therapists,44300,52000,60100,65300,74300,100.71414,Bachelor's degree
Respiratory Therapists,64900,70700,81700,90900,97900,1229.565686,High School/Trades
Speech-Language Pathologists,64400,80400,93500,114000,132300,1263.012436,Master's degree
Exercise Physiologists,49100,52700,57700,65500,72200,133.4778864,Bachelor's degree
"Therapists, All Other",55200,77500,122900,135700,142100,210.6613454,Bachelor's degree
Veterinarians,66100,92700,113000,143600,194000,646.164498,Doctoral or professional degree
Registered Nurses,69400,79200,86500,102500,114900,26445.65324,Bachelor's degree
Nurse Anesthetists,178600,189300,208900,233500,280900,465.082999,Master's degree
Nurse Midwives,88500,109500,128200,145500,172900,44.85045215,Master's degree
Nurse Practitioners,105500,116800,131600,141600,153500,2296.807227,Master's degree
Audiologists,64800,71300,88600,108900,120900,122.0156723,Doctoral or professional degree
Anesthesiologists,93200,195100,256700,314500,381100,291.9382255,Doctoral or professional degree
Cardiologists,149900,338800,453000,536500,630400,108.3251167,Doctoral or professional degree
Dermatologists,105500,167000,214000,261800,317000,90.85674165,Doctoral or professional degree
Emergency Medicine Physicians,169100,294800,393700,471700,559800,264.1803867,Doctoral or professional degree
Family Medicine Physicians,66300,68700,154300,191300,232000,954.7413401,Doctoral or professional degree
General Internal Medicine Physicians,67100,112300,198000,245400,298000,347.844062,Doctoral or professional degree
Neurologists,150900,239300,426600,490700,558400,64.41193545,Doctoral or professional degree
Obstetricians and Gynecologists,118000,163600,198500,242100,293400,135.6383393,Doctoral or professional degree
"Pediatricians, General",135000,162900,176700,247300,302300,273.2109045,Doctoral or professional degree
"Physicians, Pathologists",85300,204400,273600,334000,403000,119.5079038,Doctoral or professional degree
Psychiatrists,76900,83200,203200,253300,307700,137.7180244,Doctoral or professional degree
Radiologists,98700,252800,339000,410000,490500,265.0313034,Doctoral or professional degree
"Physicians, All Other",70400,75200,225700,280600,340900,3133.118608,Doctoral or professional degree
"Ophthalmologists, Except Pediatric",122600,205300,271200,332900,404000,111.9243526,Doctoral or professional degree
"Orthopedic Surgeons, Except Pediatric",139600,223100,295600,362700,439200,80.67605258,Doctoral or professional degree
Pediatric Surgeons,183400,285500,377300,462800,561300,10.48180423,Doctoral or professional degree
"Surgeons, All Other",92300,144000,280700,344600,413900,187.4413529,Doctoral or professional degree
Acupuncturists,80600,81600,85200,85600,86000,135.3866871,Master's degree
Dental Hygienists,79900,86800,90900,95000,101000,1466.194859,High School/Trades
"Healthcare Diagnosing or Treating Practitioners, All Other",62100,91200,112600,136600,164000,176.4461779,Master's degree
Medical and Clinical Laboratory Technologists,39100,45300,57900,75300,90200,1360.242651,Bachelor's degree
Medical and Clinical Laboratory Technicians,39100,45300,57900,75300,90200,1333.818645,Bachelor's degree
Cardiovascular Technologists and Technicians,40100,48000,77800,84700,96200,498.3583588,High School/Trades
Diagnostic Medical Sonographers,67100,73500,85000,93300,101100,689.488801,High School/Trades
Nuclear Medicine Technologists,81500,86600,95200,101600,105300,165.5651484,High School/Trades
Radiologic Technologists and Technicians,39200,56300,68300,80300,87400,1949.006863,High School/Trades
Magnetic Resonance Imaging Technologists,67400,75400,83300,90000,95100,363.9989491,High School/Trades
Medical Dosimetrists,87800,112800,131300,150700,167300,34.24960889,Bachelor's degree
Emergency Medical Technicians,30100,34800,42600,48600,56400,788.4314732,High School/Trades
Paramedics,34200,42300,51400,57200,63700,508.0803516,High School/Trades
Dietetic Technicians,28200,33000,37700,44500,55200,202.0748848,High School/Trades
Pharmacy Technicians,33100,38300,41700,48800,54600,3247.653189,High School/Trades
Psychiatric Technicians,32400,36500,40100,50000,55800,482.7546894,High School/Trades
Surgical Technologists,44600,52200,62500,66500,75700,921.6924068,High School/Trades
Veterinary Technologists and Technicians,33300,37900,41700,50400,56100,943.2391501,High School/Trades
Ophthalmic Medical Technicians,38200,40800,45400,49000,54400,739.1838079,High School/Trades
Licensed Practical and Licensed Vocational Nurses,49200,54500,62300,67000,73000,6386.462095,High School/Trades
Medical Records Specialists,39400,44400,52000,64600,75400,1583.601654,High School/Trades
"Opticians, Dispensing",37900,41600,51400,59700,66000,602.4777908,High School/Trades
Orthotists and Prosthetists,48900,59600,87000,107200,122400,45.25532284,Master's degree
Hearing Aid Specialists,40700,48800,55100,68300,79300,55.54283376,High School/Trades
"Health Technologists and Technicians, All Other",34700,40800,48700,63900,80700,1557.025674,High School/Trades
Health Information Technologists and Medical Registrars,44200,50600,71400,83400,98700,350.0256638,High School/Trades
Athletic Trainers,50500,53700,61300,70500,80900,298.193224,Bachelor's degree
Genetic Counselors,83800,86700,91800,111900,117100,26.34693137,Master's degree
Surgical Assistants,53300,85700,98700,111100,117900,160.8999003,High School/Trades
"Healthcare Practitioners and Technical Workers, All Other",34300,36100,44300,55300,71800,234.0268812,High School/Trades
Home Health Aides,26100,29300,31600,35400,38600,5140.348892,High School/Trades
Personal Care Aides,26100,29300,31600,35400,38600,14593.35706,High School/Trades
Nursing Assistants,33600,38400,41100,45700,49600,12157.29504,High School/Trades
Orderlies,33500,36300,37800,39400,42000,470.3554022,High School/Trades
Psychiatric Aides,28900,34200,41200,49500,57300,130.2309478,High School/Trades
Occupational Therapy Assistants,54100,63500,68700,77800,87700,432.3048035,High School/Trades
Occupational Therapy Aides,26900,33800,39700,51400,71000,34.88653778,High School/Trades
Physical Therapist Assistants,52100,59800,67300,78000,86800,1005.002799,High School/Trades
Physical Therapist Aides,22600,24200,26700,37600,45600,160.1260497,High School/Trades
Massage Therapists,37400,49000,58700,74500,83700,880.4075664,High School/Trades
Dental Assistants,39100,46800,53300,70200,79500,2273.565793,High School/Trades
Medical Assistants,35500,38800,42300,47800,51500,4917.275379,High School/Trades
Medical Equipment Preparers,38400,40300,45400,48700,61900,569.3697464,High School/Trades
Medical Transcriptionists,35800,39500,45600,49500,55800,313.7956435,High School/Trades
Pharmacy Aides,28800,32000,37600,41700,47400,279.0172233,High School/Trades
Veterinary Assistants and Laboratory Animal Caretakers,30700,32000,33800,37900,40500,856.3204093,High School/Trades
Phlebotomists,31500,38200,41600,46900,49800,1128.98433,High School/Trades
"Healthcare Support Workers, All Other",23700,38400,44300,54300,64400,348.5907292,High School/Trades
First-Line Supervisors of Correctional Officers,52900,62500,73600,86800,98100,119.2286818,High School/Trades
First-Line Supervisors of Police and Detectives,67900,83700,101700,118400,134600,629.7197835,High School/Trades
First-Line Supervisors of Firefighting and Prevention Workers,54500,71300,89100,102400,117800,511.3758,High School/Trades
First-Line Supervisors of Security Workers,38100,42300,52300,66500,78600,395.7604923,High School/Trades
"First-Line Supervisors of Protective Service Workers, All Other",30800,40100,54200,77600,92200,105.0878634,High School/Trades
Firefighters,35600,41400,54900,72400,82000,2603.909016,High School/Trades
Fire Inspectors and Investigators,46800,57500,74000,99700,132600,67.19935642,High School/Trades
Forest Fire Inspectors and Prevention Specialists,35000,40200,54100,74900,90400,6.762451948,High School/Trades
Bailiffs,28900,41700,53800,66200,69800,169.9788602,High School/Trades
Correctional Officers and Jailers,42000,48200,54800,65700,70700,1457.55579,High School/Trades
Detectives and Criminal Investigators,56100,69700,91300,117200,154400,299.0950046,High School/Trades
Fish and Game Wardens,34600,48000,59400,71000,83600,11.64868116,Bachelor's degree
Parking Enforcement Workers,32200,37900,46400,59100,73100,28.70755157,High School/Trades
Police and Sheriffs Patrol Officers,51200,64500,82200,92100,99400,3472.910773,High School/Trades
Transit and Railroad Police,52500,61700,72600,96600,107300,8.582156416,High School/Trades
Animal Control Workers,35300,39300,44300,50800,62100,53.703326,High School/Trades
Private Detectives and Investigators,37600,43700,57000,73600,91900,304.8334628,High School/Trades
Gambling Surveillance Officers and Gambling Investigators,35200,39400,47800,62900,82600,85.24242103,High School/Trades
Security Guards,28400,31200,36200,40300,50000,7977.249498,High School/Trades
Crossing Guards and Flaggers,27600,29700,36800,51800,64100,498.8897759,High School/Trades
"Lifeguards, Ski Patrol, and Other Recreational Protective Service Workers",23100,24900,27500,30600,37200,1032.480608,High School/Trades
Transportation Security Screeners,45800,47700,54000,59700,65900,211.1544103,High School/Trades
School Bus Monitors,30000,30900,32400,35100,38700,380.6794708,High School/Trades
"Protective Service Workers, All Other",31400,33300,41800,58400,69100,447.2651238,High School/Trades
Chefs and Head Cooks,35000,39400,51200,69200,92600,1254.813288,High School/Trades
First-Line Supervisors of Food Preparation and Serving Workers,31600,35500,39900,49200,58600,9803.009696,High School/Trades
"Cooks, Fast Food",22800,24600,29200,31900,35500,5983.197275,High School/Trades
"Cooks, Institution and Cafeteria",28700,31600,37000,40200,45200,4962.251002,High School/Trades
"Cooks, Private Household",27800,34600,43000,57100,84500,212.7514575,High School/Trades
"Cooks, Restaurant",25400,29600,33300,39000,43700,11389.18551,High School/Trades
"Cooks, Short Order",24400,25700,30000,35500,38900,1117.590998,High School/Trades
"Cooks, All Other",27300,28800,38000,40600,54800,100.8993329,High School/Trades
Food Preparation Workers,24800,28500,31700,37000,40100,5864.310645,High School/Trades
Bartenders,22900,25200,31100,45500,63700,5524.048256,High School/Trades
Fast Food and Counter Workers,23600,25300,29100,31400,35700,28338.09435,High School/Trades
Waiters and Waitresses,22300,24300,31300,41000,58700,17889.65482,High School/Trades
"Food Servers, Nonrestaurant",26000,29400,31500,37800,40200,2701.202701,High School/Trades
Dining Room and Cafeteria Attendants and Bartender Helpers,22800,24400,27500,32200,37900,3388.685977,High School/Trades
Dishwashers,23700,25200,29900,34600,37700,3502.562606,High School/Trades
"Hosts and Hostesses, Restaurant, Lounge, and Coffee Shop",23200,24700,28300,31100,34200,3722.426448,High School/Trades
"Food Preparation and Serving Related Workers, All Other",23600,27100,32400,39200,47000,406.5201168,High School/Trades
First-Line Supervisors of Housekeeping and Janitorial Workers,32700,37800,42300,52600,65600,1548.778778,High School/Trades
"First-Line Supervisors of Landscaping, Lawn Service, and Groundskeeping Workers",42500,49200,53300,64900,76900,1354.146714,High School/Trades
"Janitors and Cleaners, Except Maids and Housekeeping Cleaners",28000,31000,36500,40400,48500,16677.59868,High School/Trades
Maids and Housekeeping Cleaners,26400,29100,31300,35600,39100,6774.5785,High School/Trades
"Building Cleaning Workers, All Other",30100,35400,40700,48400,60300,94.32398689,High School/Trades
Pest Control Workers,37400,40500,47800,51700,63300,464.0702557,High School/Trades
Landscaping and Groundskeeping Workers,29400,34100,38200,41600,48900,7910.234246,High School/Trades
"Pesticide Handlers, Sprayers, and Applicators, Vegetation",32100,37600,44200,49600,56400,136.4893039,High School/Trades
Tree Trimmers and Pruners,42700,49300,52100,54800,66500,428.2546272,High School/Trades
"Grounds Maintenance Workers, All Other",36200,43100,49100,78800,82900,63.23245621,High School/Trades
First-Line Supervisors of Gambling Services Workers,38100,48900,61600,74300,83900,234.2608548,High School/Trades
"First-Line Supervisors of Entertainment and Recreation Workers, Except Gambling Services",28200,36200,42600,53100,71800,1022.629307,High School/Trades
First-Line Supervisors of Personal Service Workers,28400,34500,44400,56100,72500,773.5271846,High School/Trades
Animal Trainers,33400,48800,59700,67100,72700,275.3147203,High School/Trades
Animal Caretakers,24700,29500,31700,37300,50800,2966.379011,High School/Trades
Gambling Dealers,21900,25400,34400,49100,74700,521.1382549,High School/Trades
Gambling and Sports Book Writers and Runners,22000,25300,30400,37100,44400,52.23927369,High School/Trades
"Gambling Service Workers, All Other",23700,28100,33600,39300,51100,79.98170721,High School/Trades
Motion Picture Projectionists,24100,28700,37100,48200,81800,39.37367723,High School/Trades
"Ushers, Lobby Attendants, and Ticket Takers",23600,25800,30800,33100,37000,863.01042,High School/Trades
Amusement and Recreation Attendants,23300,25000,28500,32800,35100,3268.818756,High School/Trades
Costume Attendants,26500,31500,43600,47600,64800,34.42214085,High School/Trades
"Locker Room, Coatroom, and Dressing Room Attendants",22800,23900,26100,37100,42000,110.8306137,High School/Trades
"Entertainment Attendants and Related Workers, All Other",22700,27300,33700,39700,49200,75.6965854,High School/Trades
Embalmers,36200,45600,54700,64000,78900,37.33040348,High School/Trades
Crematory Operators,36100,40100,44100,49600,53900,36.7872565,High School/Trades
Funeral Attendants,26100,30600,33800,37400,43400,277.184032,High School/Trades
"Morticians, Undertakers, and Funeral Arrangers",33800,48800,57300,79400,106100,273.6772172,High School/Trades
Barbers,27600,31400,37800,50300,61800,451.5579529,High School/Trades
"Hairdressers, Hairstylists, and Cosmetologists",24600,28900,38100,51400,75400,4154.163693,High School/Trades
"Makeup Artists, Theatrical and Performance",23100,25500,51700,105600,145800,41.91594296,High School/Trades
Manicurists and Pedicurists,26700,33100,40600,58400,159300,1135.628428,High School/Trades
Shampooers,22600,26700,29800,32800,35900,71.18919953,High School/Trades
Skincare Specialists,31100,40200,54200,72000,85500,514.9399031,High School/Trades
Baggage Porters and Bellhops,40800,44000,44500,46300,48200,123.6391768,High School/Trades
Concierges,28800,30100,31900,38500,47500,119.1418089,High School/Trades
Tour Guides and Escorts,29400,31400,33100,33500,39300,596.4299364,High School/Trades
Travel Guides,29300,31400,33100,33500,39300,26.39615254,High School/Trades
Childcare Workers,23700,26900,30900,35200,38300,5686.394571,High School/Trades
Exercise Trainers and Group Fitness Instructors,24700,29700,39400,51900,67900,2275.794369,High School/Trades
Recreation Workers,24500,27100,30200,34200,39600,2037.407796,High School/Trades
Residential Advisors,28600,31700,37600,46700,50900,711.3284379,High School/Trades
"Personal Care and Service Workers, All Other",24800,26100,32200,36400,47500,425.8005947,High School/Trades
First-Line Supervisors of Retail Sales Workers,31600,37800,47800,61100,76400,9183.387779,High School/Trades
First-Line Supervisors of Non-Retail Sales Workers,51500,67300,96900,141800,194400,2035.486172,High School/Trades
Cashiers,23300,25600,28600,31200,35500,21848.34363,High School/Trades
Gambling Change Persons and Booth Cashiers,22600,27400,33300,39800,51800,126.6370781,High School/Trades
Counter and Rental Clerks,27400,31200,37300,48800,61900,2096.334258,High School/Trades
Parts Salespersons,24400,28800,37800,47700,58800,1841.019943,High School/Trades
Retail Salespersons,24000,27500,31900,37600,47900,24453.19814,High School/Trades
Advertising Sales Agents,30100,31600,52900,83400,130200,479.4771843,High School/Trades
Insurance Sales Agents,32100,50900,68000,100200,153800,3341.797823,High School/Trades
"Securities, Commodities, and Financial Services Sales Agents",47000,52000,69300,107500,172700,3829.942754,Bachelor's degree
Travel Agents,33600,39700,41700,50000,59800,272.2187042,High School/Trades
"Sales Representatives of Services, Except Advertising, Insurance, Financial Services, and Travel",39000,49000,62400,87000,128100,7684.56692,High School/Trades
"Sales Representatives, Wholesale and Manufacturing, Technical and Scientific Products",38000,49700,87800,144100,185800,2034.710489,Bachelor's degree
"Sales Representatives, Wholesale and Manufacturing, Except Technical and Scientific Products",40800,53300,77200,108300,151600,11508.1005,High School/Trades
Demonstrators and Product Promoters,23700,30700,35600,46000,61900,271.7409407,High School/Trades
Models,33700,37500,51000,68500,142000,26.64721807,High School/Trades
Real Estate Brokers,41800,52700,83300,101500,124700,522.0645873,High School/Trades
Real Estate Sales Agents,31300,39100,46200,66400,86200,2476.641873,High School/Trades
Sales Engineers,68200,81600,102600,129900,171100,309.8134433,Bachelor's degree
Telemarketers,25300,26500,31300,39200,47400,565.3457925,High School/Trades
"Door-to-Door Sales Workers, News and Street Vendors, and Related Workers",22300,24600,37700,93000,138000,204.4393064,High School/Trades
"Sales and Related Workers, All Other",29900,35500,42700,61800,81300,650.9005804,High School/Trades
First-Line Supervisors of Office and Administrative Support Workers,43900,53700,66900,81700,101800,10362.32992,High School/Trades
"Switchboard Operators, Including Answering Service",27500,30100,37700,42200,64500,247.5315324,High School/Trades
Telephone Operators,28900,30300,38400,40700,41300,35.14667473,High School/Trades
"Communications Equipment Operators, All Other",38100,45500,52000,64200,78200,9.181711801,High School/Trades
Bill and Account Collectors,34900,38900,45600,50000,62200,1606.735467,High School/Trades
Billing and Posting Clerks,36500,40500,44900,50700,58300,3511.98542,High School/Trades
"Bookkeeping, Accounting, and Auditing Clerks",36200,42400,50000,58900,68300,11841.14367,High School/Trades
Gambling Cage Workers,22300,27700,31600,33900,37200,131.2439916,High School/Trades
Payroll and Timekeeping Clerks,39400,46800,55100,65700,75000,1110.954031,High School/Trades
Procurement Clerks,35500,41400,48400,56100,64800,418.3217103,High School/Trades
Tellers,33800,38300,41500,46400,49700,3037.610697,High School/Trades
"Financial Clerks, All Other",37700,39800,46700,52600,60200,407.5633886,High School/Trades
Brokerage Clerks,49300,51600,62200,66900,79500,303.908681,High School/Trades
Correspondence Clerks,32800,38100,44700,59800,71200,33.18673002,High School/Trades
"Court, Municipal, and License Clerks",33600,36900,46500,57000,67700,1245.224982,High School/Trades
"Credit Authorizers, Checkers, and Clerks",41400,45800,50600,55900,64700,117.7084329,High School/Trades
Customer Service Representatives,32000,37200,41900,50600,62600,21104.33608,High School/Trades
"Eligibility Interviewers, Government Programs",40500,42800,51400,63500,70300,529.871369,High School/Trades
File Clerks,29900,33700,41200,48500,54600,451.5240886,High School/Trades
"Hotel, Motel, and Resort Desk Clerks",23800,28700,30300,32000,35700,1363.928099,High School/Trades
"Interviewers, Except Eligibility and Loan",23600,36700,40400,44600,49600,1341.532342,High School/Trades
"Library Assistants, Clerical",24600,28800,36600,38800,44100,794.073969,High School/Trades
Loan Interviewers and Clerks,38000,43200,50500,59500,65800,1549.448319,High School/Trades
New Accounts Clerks,46100,48600,50300,53300,55500,275.7288636,High School/Trades
Order Clerks,32700,38700,46600,54300,66700,851.90066,High School/Trades
"Human Resources Assistants, Except Payroll and Timekeeping",36700,42500,50000,56900,64700,722.6104464,High School/Trades
Receptionists and Information Clerks,24100,30400,36200,40200,46000,7540.537603,High School/Trades
Reservation and Transportation Ticket Agents and Travel Clerks,35800,40400,67800,73900,77600,1135.395852,High School/Trades
"Information and Record Clerks, All Other",36100,38100,47100,57200,67300,546.5871118,High School/Trades
Cargo and Freight Agents,42200,43500,47700,61600,72600,1752.301005,High School/Trades
Couriers and Messengers,27000,31800,39100,41900,45000,1884.646148,High School/Trades
Public Safety Telecommunicators,38100,45700,59600,66300,69900,624.9176873,High School/Trades
"Dispatchers, Except Police, Fire, and Ambulance",35300,41000,50000,61600,73200,1461.9848,High School/Trades
"Meter Readers, Utilities",36800,42300,53200,65200,70100,145.2442634,High School/Trades
Postal Service Clerks,44100,54700,62200,73700,78100,617.079445,High School/Trades
Postal Service Mail Carriers,43300,49000,62300,77300,81800,2895.876991,High School/Trades
"Postal Service Mail Sorters, Processors, and Processing Machine Operators",43500,47300,55800,70000,76200,928.1328361,High School/Trades
"Production, Planning, and Expediting Clerks",40100,45600,55800,68600,82500,3304.79663,High School/Trades
"Shipping, Receiving, and Inventory Clerks",33900,37800,42800,49800,58300,7376.486773,High School/Trades
"Weighers, Measurers, Checkers, and Samplers, Recordkeeping",36200,39800,45500,53100,61400,464.1583733,High School/Trades
Executive Secretaries and Executive Administrative Assistants,45600,55600,66900,80400,92400,2653.907346,High School/Trades
Legal Secretaries and Administrative Assistants,34200,41600,51300,64700,75900,809.8776849,High School/Trades
Medical Secretaries and Administrative Assistants,36500,39000,41500,47300,51900,5964.000346,High School/Trades
"Secretaries and Administrative Assistants, Except Legal, Medical, and Executive",32300,38700,46600,53500,62400,12748.67173,High School/Trades
Data Entry Keyers,28300,35900,40000,44900,52200,1218.353757,High School/Trades
Word Processors and Typists,36300,42300,49600,52500,54700,107.2082918,High School/Trades
Desktop Publishers,28600,34100,46800,59800,76700,33.68356735,High School/Trades
Insurance Claims and Policy Processing Clerks,41600,47800,51300,63800,77600,2494.068553,High School/Trades
"Mail Clerks and Mail Machine Operators, Except Postal Service",28500,33800,38500,44700,50100,475.7205715,High School/Trades
"Office Clerks, General",30200,36400,43200,52700,64700,17276.86995,High School/Trades
"Office Machine Operators, Except Computer",30600,35400,43300,48300,53600,189.2069396,High School/Trades
Proofreaders and Copy Markers,34300,38500,39700,48700,63600,39.28665844,Bachelor's degree
Statistical Assistants,37100,45000,52900,64300,78600,20.62313514,Bachelor's degree
"Office and Administrative Support Workers, All Other",23800,32000,35100,51400,61300,1108.257107,High School/Trades
"First-Line Supervisors of Farming, Fishing, and Forestry Workers",30500,42200,51300,60100,82600,118.3567112,High School/Trades
Agricultural Inspectors,37200,42300,51200,64000,78500,42.72627979,Bachelor's degree
Animal Breeders,35600,42600,51000,64900,81000,10.37916182,High School/Trades
"Graders and Sorters, Agricultural Products",29900,33700,36300,39200,43800,90.48880868,High School/Trades
Agricultural Equipment Operators,31900,37200,42500,49600,57300,187.9545472,High School/Trades
"Farmworkers and Laborers, Crop, Nursery, and Greenhouse",28300,32300,38800,44800,48400,976.0252054,High School/Trades
"Farmworkers, Farm, Ranch, and Aquacultural Animals",24700,29800,31300,46100,51100,230.6639347,High School/Trades
"Agricultural Workers, All Other",28400,35000,43700,57500,80000,33.11030456,High School/Trades
Fishing and Hunting Workers,n/a,n/a,n/a,n/a,n/a,20.95345009,High School/Trades
Forest and Conservation Workers,30000,33100,36600,42700,52500,22.19540151,High School/Trades
Fallers,35800,47700,57700,74100,95200,42.1980783,High School/Trades
Logging Equipment Operators,32300,39800,50200,62200,72000,50.55372021,High School/Trades
Log Graders and Scalers,34400,40000,48100,57700,65600,21.55907428,High School/Trades
"Logging Workers, All Other",35500,42700,54300,64800,74100,4.862877931,High School/Trades
First-Line Supervisors of Construction Trades and Extraction Workers,53500,65800,79200,91100,105900,4909.430552,High School/Trades
Boilermakers,51700,63400,74400,88600,105000,50.6462492,High School/Trades
Brickmasons and Blockmasons,51200,59800,66500,80700,85900,538.5981264,High School/Trades
Stonemasons,37500,41000,49600,61900,65800,76.11703744,High School/Trades
Carpenters,41100,49900,56100,65600,73700,5517.67213,High School/Trades
Carpet Installers,38300,48500,55000,67100,73200,128.6445694,High School/Trades
"Floor Layers, Except Carpet, Wood, and Hard Tiles",25900,40300,48400,58500,66400,263.4070032,High School/Trades
Floor Sanders and Finishers,34500,40500,50000,60000,71800,47.10756498,High School/Trades
Tile and Stone Setters,41400,47100,52300,63800,75300,334.8767432,High School/Trades
Cement Masons and Concrete Finishers,40100,49800,62000,70400,78900,1553.113569,High School/Trades
Terrazzo Workers and Finishers,36600,41500,51700,63500,81200,9.712778983,High School/Trades
Construction Laborers,36700,42000,51000,67200,80300,8973.873492,High School/Trades
"Paving, Surfacing, and Tamping Equipment Operators",39400,50500,70000,80300,86100,310.0752115,High School/Trades
Pile Driver Operators,43000,52200,67500,94900,113600,20.00806093,High School/Trades
Operating Engineers and Other Construction Equipment Operators,48200,54700,66600,88200,97000,2796.020369,High School/Trades
Drywall and Ceiling Tile Installers,39400,48800,62200,66000,67200,511.2252978,High School/Trades
Tapers,45800,54600,67100,88100,107100,64.04651241,High School/Trades
Electricians,39300,50200,65600,81100,93600,4992.42967,High School/Trades
Glaziers,40100,48200,60100,69500,75600,334.606717,High School/Trades
"Insulation Workers, Floor, Ceiling, and Wall",39000,43300,57900,74600,78500,267.6513271,High School/Trades
"Insulation Workers, Mechanical",41300,48800,57700,74800,94300,187.3515671,High School/Trades
"Painters, Construction and Maintenance",38000,45400,56500,63100,69100,1896.199829,High School/Trades
Paperhangers,38200,43200,51500,64000,82100,24.62459783,High School/Trades
Pipelayers,37600,39600,53400,72300,85100,200.7333509,High School/Trades
"Plumbers, Pipefitters, and Steamfitters",41500,51600,69400,88000,100300,3328.528126,High School/Trades
Plasterers and Stucco Masons,39200,47400,56200,72200,95800,45.79386868,High School/Trades
Reinforcing Iron and Rebar Workers,50800,55000,60800,63900,68100,121.9115095,High School/Trades
Roofers,42200,49900,54900,67100,83600,1098.935091,High School/Trades
Sheet Metal Workers,40700,51500,62300,75500,83500,892.1360602,High School/Trades
Structural Iron and Steel Workers,51700,63900,73400,79100,82700,478.8392749,High School/Trades
Solar Photovoltaic Installers,39800,45000,51800,63100,76300,156.4794666,High School/Trades
"Helpers--Brickmasons, Blockmasons, Stonemasons, and Tile and Marble Setters",36200,38200,41500,47300,50100,109.8597118,High School/Trades
Helpers--Carpenters,36100,37900,40300,47200,49900,77.07529101,High School/Trades
Helpers--Electricians,33400,35800,39500,48000,63400,262.7531085,High School/Trades
"Helpers--Painters, Paperhangers, Plasterers, and Stucco Masons",30300,33700,38800,45500,52600,26.77393235,High School/Trades
"Helpers--Pipelayers, Plumbers, Pipefitters, and Steamfitters",29200,34700,38300,41100,46100,232.4261967,High School/Trades
Helpers--Roofers,31800,36700,41000,47800,57300,27.35395237,High School/Trades
"Helpers, Construction Trades, All Other",34900,38700,43000,59100,62100,150.4014323,High School/Trades
Construction and Building Inspectors,48200,55800,68900,79800,88900,741.0521186,High School/Trades
Elevator and Escalator Installers and Repairers,54300,89000,111500,119700,126800,102.3511039,High School/Trades
Fence Erectors,33600,39000,46400,53600,66000,154.2278004,High School/Trades
Hazardous Materials Removal Workers,41600,44000,49500,53900,64200,240.8029448,High School/Trades
Highway Maintenance Workers,32800,41800,49800,60700,68100,854.6719455,High School/Trades
Rail-Track Laying and Maintenance Equipment Operators,48700,61100,70100,82500,87900,64.91777631,High School/Trades
Septic Tank Servicers and Sewer Pipe Cleaners,38400,42300,50100,54800,69200,169.0277502,High School/Trades
Segmental Pavers,38800,43500,49400,66200,115600,10.21369779,High School/Trades
"Construction and Related Workers, All Other",38800,43500,49300,66200,115600,186.8096543,High School/Trades
"Derrick Operators, Oil and Gas",43300,49200,59800,68900,77700,3.901074681,High School/Trades
"Rotary Drill Operators, Oil and Gas",42300,52400,65100,82400,93900,7.241606405,High School/Trades
"Service Unit Operators, Oil and Gas",39900,47800,58500,70900,89800,26.97260566,High School/Trades
"Excavating and Loading Machine and Dragline Operators, Surface Mining",38600,48500,57700,64600,76600,209.4587461,High School/Trades
"Earth Drillers, Except Oil and Gas",42400,49900,59300,70600,84700,98.09772834,High School/Trades
"Explosives Workers, Ordnance Handling Experts, and Blasters",44400,52100,64700,82100,93600,36.75196831,High School/Trades
Continuous Mining Machine Operators,41500,50700,62900,75200,86500,30.18561047,High School/Trades
"Roof Bolters, Mining",53800,60500,68600,77800,84400,1.79834529,High School/Trades
"Loading and Moving Machine Operators, Underground Mining",46900,56300,65500,74400,80800,10.3503234,High School/Trades
"Underground Mining Machine Operators, All Other",41400,54900,67800,78600,85300,4.763127968,High School/Trades
"Rock Splitters, Quarry",32800,39200,48400,58600,67300,22.54217773,High School/Trades
"Roustabouts, Oil and Gas",36200,40200,48000,55600,63200,35.18927041,High School/Trades
Helpers--Extraction Workers,36000,40100,47600,57300,65400,19.42302411,High School/Trades
"Extraction Workers, All Other",34800,40800,51800,65100,78900,23.70402739,High School/Trades
"First-Line Supervisors of Mechanics, Installers, and Repairers",46800,61700,79700,96900,120400,4147.66685,High School/Trades
"Computer, Automated Teller, and Office Machine Repairers",37600,40500,48000,53100,66200,590.9201944,High School/Trades
"Radio, Cellular, and Tower Equipment Installers and Repairers",41600,51800,65800,84300,100600,68.3958683,High School/Trades
"Telecommunications Equipment Installers and Repairers, Except Line Installers",42900,50500,62900,75100,84600,867.6450102,High School/Trades
Avionics Technicians,49700,65700,81900,96900,112200,180.1368495,High School/Trades
"Electric Motor, Power Tool, and Related Repairers",38300,45700,51400,61100,70100,140.2673478,High School/Trades
"Electrical and Electronics Installers and Repairers, Transportation Equipment",49600,67200,82500,91700,103600,36.28258716,High School/Trades
"Electrical and Electronics Repairers, Commercial and Industrial Equipment",54700,64500,70100,78800,87300,372.8253507,High School/Trades
"Electrical and Electronics Repairers, Powerhouse, Substation, and Relay",63200,85900,106200,112500,119700,193.2940216,High School/Trades
"Electronic Equipment Installers and Repairers, Motor Vehicles",41800,48200,53400,58500,65900,64.45889904,High School/Trades
Audiovisual Equipment Installers and Repairers,41200,43900,48100,57100,69300,153.0754871,High School/Trades
Security and Fire Alarm Systems Installers,40200,49900,60800,66000,75700,457.754003,High School/Trades
Aircraft Mechanics and Service Technicians,54800,66300,80000,91800,135800,2310.824024,High School/Trades
Automotive Body and Related Repairers,38500,44200,52000,67200,95900,1121.72473,High School/Trades
Automotive Glass Installers and Repairers,34900,49900,53600,63200,69100,135.8291239,High School/Trades
Automotive Service Technicians and Mechanics,31700,38300,49400,64200,77000,5263.829728,High School/Trades
Bus and Truck Mechanics and Diesel Engine Specialists,41100,50300,60300,69600,79600,2451.09261,High School/Trades
Farm Equipment Mechanics and Service Technicians,38400,45000,53100,65600,75400,194.6040913,High School/Trades
"Mobile Heavy Equipment Mechanics, Except Engines",49100,55400,66300,77100,85100,1311.351592,High School/Trades
Rail Car Repairers,46400,53600,68800,82600,93500,88.1914967,High School/Trades
Motorboat Mechanics and Service Technicians,37200,43100,50500,61100,70300,124.0257361,High School/Trades
Motorcycle Mechanics,39000,46300,50900,66900,89200,72.21293462,High School/Trades
Outdoor Power Equipment and Other Small Engine Mechanics,33700,40400,48200,53000,62500,272.7500995,High School/Trades
Bicycle Repairers,30700,36300,41100,47700,52000,45.15591266,High School/Trades
Recreational Vehicle Service Technicians,35900,41900,52000,63400,75900,79.01842339,High School/Trades
Tire Repairers and Changers,28600,32300,39000,46900,49900,690.4170954,High School/Trades
Mechanical Door Repairers,41100,49300,54800,64400,73000,223.8642872,High School/Trades
"Control and Valve Installers and Repairers, Except Mechanical Door",46000,59500,80300,98600,108000,208.2144001,High School/Trades
"Heating, Air Conditioning, and Refrigeration Mechanics and Installers",40000,50500,61400,74500,84700,3514.661631,High School/Trades
Home Appliance Repairers,32600,41700,49100,62800,76500,226.1429478,High School/Trades
Industrial Machinery Mechanics,49600,58200,68200,79100,88400,3687.477732,High School/Trades
"Maintenance Workers, Machinery",46200,53800,63500,70300,86300,599.8147588,High School/Trades
Millwrights,52000,61600,78600,84800,88500,320.1512818,High School/Trades
"Refractory Materials Repairers, Except Brickmasons",33000,38600,51800,65900,74300,9.350502732,High School/Trades
Electrical Power-Line Installers and Repairers,53000,78100,96300,104000,109000,707.5593297,High School/Trades
Telecommunications Line Installers and Repairers,44300,51600,63600,69900,81600,535.7135862,High School/Trades
Camera and Photographic Equipment Repairers,38500,46900,52500,69700,124900,17.55373992,High School/Trades
Medical Equipment Repairers,42100,52800,66400,83700,92100,574.8004941,High School/Trades
Musical Instrument Repairers and Tuners,32400,38500,47600,55500,67900,45.44397433,High School/Trades
Watch and Clock Repairers,30300,46100,60900,71700,82400,14.45194166,High School/Trades
"Precision Instrument and Equipment Repairers, All Other",51000,58300,65200,99300,111300,69.14531823,High School/Trades
"Maintenance and Repair Workers, General",34400,41700,52200,65700,77200,12644.74345,High School/Trades
Wind Turbine Service Technicians,50300,56500,66300,79600,94700,33.49459909,High School/Trades
"Coin, Vending, and Amusement Machine Servicers and Repairers",31900,34500,39700,47200,58900,409.3718515,High School/Trades
Commercial Divers,43100,51400,67900,97000,144100,22.27422158,High School/Trades
Locksmiths and Safe Repairers,37100,41000,51900,61800,68200,103.2385046,High School/Trades
Manufactured Building and Mobile Home Installers,28500,35800,41600,48400,56700,20.28797506,High School/Trades
Riggers,41500,52200,79200,83300,85800,52.17664277,High School/Trades
Signal and Track Switch Repairers,66300,80200,88000,96300,102300,33.11330638,High School/Trades
"Helpers--Installation, Maintenance, and Repair Workers",29600,33400,39600,47800,53900,526.5410256,High School/Trades
"Installation, Maintenance, and Repair Workers, All Other",38100,42200,48800,56300,67800,1184.752706,High School/Trades
First-Line Supervisors of Production and Operating Workers,45500,55600,70400,85600,104500,5704.929644,High School/Trades
"Aircraft Structure, Surfaces, Rigging, and Systems Assemblers",41700,51800,64800,81500,96900,151.1684055,High School/Trades
"Coil Winders, Tapers, and Finishers",34500,40000,52100,64100,71500,91.08997148,High School/Trades
"Electrical, Electronic, and Electromechanical Equipment Assemblers, Except Coil Winders, Tapers, and Finishers",35000,40400,45600,51800,60400,1812.406957,High School/Trades
Engine and Other Machine Assemblers,43300,45300,72000,76700,79400,930.9093442,High School/Trades
Structural Metal Fabricators and Fitters,38900,43100,48600,53400,60400,250.8888262,High School/Trades
Fiberglass Laminators and Fabricators,29400,39600,48700,53100,59400,91.6619458,High School/Trades
Timing Device Assemblers and Adjusters,40000,44800,52000,62300,72600,2.366032959,High School/Trades
Team Assemblers,32000,36900,41100,48200,54200,9727.187571,High School/Trades
"Assemblers and Fabricators, All Other",32000,36900,41100,48200,54200,1923.226168,High School/Trades
Bakers,26100,30300,34900,39100,46000,1723.848446,High School/Trades
Butchers and Meat Cutters,29200,32800,38600,45200,50100,946.7582537,High School/Trades
"Meat, Poultry, and Fish Cutters and Trimmers",31200,36400,40700,42800,44500,799.6049739,High School/Trades
Slaughterers and Meat Packers,33600,36200,39000,46000,49200,370.4597619,High School/Trades
"Food and Tobacco Roasting, Baking, and Drying Machine Operators and Tenders",31300,36600,42400,51000,61400,148.0733908,High School/Trades
Food Batchmakers,31200,33000,40300,50200,56300,2031.055311,High School/Trades
Food Cooking Machine Operators and Tenders,37200,39000,41700,49200,60200,319.9235515,High School/Trades
"Food Processing Workers, All Other",31100,35600,38700,40700,42700,551.0379253,High School/Trades
"Extruding and Drawing Machine Setters, Operators, and Tenders, Metal and Plastic",38500,41200,48100,52900,59300,602.4022722,High School/Trades
"Forging Machine Setters, Operators, and Tenders, Metal and Plastic",33500,40400,49300,57100,66600,163.9375016,High School/Trades
"Rolling Machine Setters, Operators, and Tenders, Metal and Plastic",48200,51700,54700,62300,66600,530.9135683,High School/Trades
"Cutting, Punching, and Press Machine Setters, Operators, and Tenders, Metal and Plastic",36200,39900,46300,52200,60000,2223.500421,High School/Trades
"Drilling and Boring Machine Tool Setters, Operators, and Tenders, Metal and Plastic",38700,40800,49700,53700,58900,72.94489822,High School/Trades
"Grinding, Lapping, Polishing, and Buffing Machine Tool Setters, Operators, and Tenders, Metal and Plastic",35400,38800,44400,50300,60900,740.9996138,High School/Trades
"Lathe and Turning Machine Tool Setters, Operators, and Tenders, Metal and Plastic",40000,42500,51300,59200,66000,208.3414969,High School/Trades
"Milling and Planing Machine Setters, Operators, and Tenders, Metal and Plastic",39800,46300,58300,66300,70400,154.4235053,High School/Trades
Machinists,39400,47200,58500,70000,78300,2488.584251,High School/Trades
Metal-Refining Furnace Operators and Tenders,51500,53400,56300,65400,67800,466.9053847,High School/Trades
"Pourers and Casters, Metal",37900,42600,51300,60800,71300,61.64396356,High School/Trades
"Model Makers, Metal and Plastic",44400,52100,67200,80400,92100,33.09017428,High School/Trades
"Patternmakers, Metal and Plastic",38800,46700,53500,68300,81100,13.70836057,High School/Trades
Foundry Mold and Coremakers,34600,39400,46500,53000,63400,45.73998734,High School/Trades
"Molding, Coremaking, and Casting Machine Setters, Operators, and Tenders, Metal and Plastic",32000,37500,46100,51200,61400,1464.803506,High School/Trades
"Multiple Machine Tool Setters, Operators, and Tenders, Metal and Plastic",35900,39200,47200,53900,64100,1973.970542,High School/Trades
Tool and Die Makers,44800,53300,65900,78700,89500,725.1829431,High School/Trades
"Welders, Cutters, Solderers, and Brazers",37600,43800,51400,60400,67200,3268.807082,High School/Trades
"Welding, Soldering, and Brazing Machine Setters, Operators, and Tenders",38400,42000,49400,55300,61100,381.359309,High School/Trades
"Heat Treating Equipment Setters, Operators, and Tenders, Metal and Plastic",39700,46000,54600,64200,77900,183.0970697,High School/Trades
"Layout Workers, Metal and Plastic",43100,50500,63900,69900,81200,37.35778413,High School/Trades
"Plating Machine Setters, Operators, and Tenders, Metal and Plastic",36200,39800,47500,57400,64300,245.7978566,High School/Trades
"Tool Grinders, Filers, and Sharpeners",40500,43000,60000,87800,97800,49.3136911,High School/Trades
"Metal Workers and Plastic Workers, All Other",40400,43900,46500,50400,69100,220.7564063,High School/Trades
Prepress Technicians and Workers,35900,39000,47000,53200,62300,259.1508425,High School/Trades
Printing Press Operators,31800,38200,46400,53200,62800,1717.36044,High School/Trades
Print Binding and Finishing Workers,30500,33200,38800,47700,52100,397.4254567,High School/Trades
Laundry and Dry-Cleaning Workers,24800,28400,30900,34500,38300,1554.916558,High School/Trades
"Pressers, Textile, Garment, and Related Materials",28900,30000,31400,33800,36700,270.3762857,High School/Trades
Sewing Machine Operators,27500,31900,36200,39300,42400,817.6309508,High School/Trades
Shoe and Leather Workers and Repairers,26800,31200,37800,44100,50500,28.07014076,High School/Trades
Shoe Machine Operators and Tenders,28800,32000,38400,44200,47600,8.707383115,High School/Trades
"Sewers, Hand",27300,30600,34300,39300,45800,31.67771829,High School/Trades
"Tailors, Dressmakers, and Custom Sewers",29200,32200,38800,47800,61700,133.5375726,High School/Trades
Textile Bleaching and Dyeing Machine Operators and Tenders,28900,32100,37200,42500,48200,44.16912479,High School/Trades
"Textile Cutting Machine Setters, Operators, and Tenders",32900,33800,34800,38800,40800,49.42545605,High School/Trades
"Textile Knitting and Weaving Machine Setters, Operators, and Tenders",30200,33800,39100,44100,49200,82.0182956,High School/Trades
"Textile Winding, Twisting, and Drawing Out Machine Setters, Operators, and Tenders",31300,34700,37700,42100,48800,112.9082935,High School/Trades
"Extruding and Forming Machine Setters, Operators, and Tenders, Synthetic and Glass Fibers",35200,40000,46400,52800,62600,102.5522785,High School/Trades
Fabric and Apparel Patternmakers,33600,43500,66100,86600,111000,17.18598519,High School/Trades
Upholsterers,36000,42800,45700,49800,62200,160.0930973,High School/Trades
"Textile, Apparel, and Furnishings Workers, All Other",34300,36700,45300,50300,59200,89.95331384,High School/Trades
Cabinetmakers and Bench Carpenters,36600,40000,48900,52800,57400,446.2219693,High School/Trades
Furniture Finishers,29600,32500,36700,48000,54900,84.1280927,High School/Trades
"Model Makers, Wood",36000,40500,49100,67700,88100,6.106498942,High School/Trades
"Patternmakers, Wood",40800,46100,51800,58900,77400,2.756139655,High School/Trades
"Sawing Machine Setters, Operators, and Tenders, Wood",30300,35100,40300,48100,54400,196.2359281,High School/Trades
"Woodworking Machine Setters, Operators, and Tenders, Except Sawing",33700,38100,41900,49700,56200,231.5261912,High School/Trades
"Woodworkers, All Other",29600,34300,39900,47300,56800,76.79191385,High School/Trades
Nuclear Power Reactor Operators,96400,109100,126100,140900,158200,6.41430769,High School/Trades
Power Distributors and Dispatchers,72100,91600,109900,128300,144700,90.43128662,High School/Trades
Power Plant Operators,65900,71000,85800,107600,120300,200.885064,High School/Trades
Stationary Engineers and Boiler Operators,52500,59400,70500,84700,90900,113.7871124,High School/Trades
Water and Wastewater Treatment Plant and System Operators,44500,50700,60000,66100,78800,1092.74768,High School/Trades
Chemical Plant and System Operators,49800,62800,83600,103300,113400,194.3680472,High School/Trades
Gas Plant Operators,55700,69400,86400,103000,113700,57.23315631,High School/Trades
"Petroleum Pump System Operators, Refinery Operators, and Gaugers",48500,54100,66900,93800,105000,187.9671251,High School/Trades
"Plant and System Operators, All Other",46200,53400,56300,66700,77800,67.49048022,High School/Trades
Chemical Equipment Operators and Tenders,39700,47800,54400,65800,76700,1788.464775,High School/Trades
"Separating, Filtering, Clarifying, Precipitating, and Still Machine Setters, Operators, and Tenders",37700,40500,48400,60700,71700,411.9094158,High School/Trades
"Crushing, Grinding, and Polishing Machine Setters, Operators, and Tenders",36900,37500,39400,46200,59000,216.5676342,High School/Trades
"Grinding and Polishing Workers, Hand",22700,34800,44500,51300,64200,81.28554672,High School/Trades
"Mixing and Blending Machine Setters, Operators, and Tenders",37700,40900,46800,52900,66000,1122.999647,High School/Trades
"Cutters and Trimmers, Hand",30300,34000,39300,45900,56400,42.73480487,High School/Trades
"Cutting and Slicing Machine Setters, Operators, and Tenders",38300,41500,46600,51700,57400,564.9866279,High School/Trades
"Extruding, Forming, Pressing, and Compacting Machine Setters, Operators, and Tenders",36000,39800,45300,51400,59500,407.7439223,High School/Trades
"Furnace, Kiln, Oven, Drier, and Kettle Operators and Tenders",36500,38000,41000,54400,65700,98.21355276,High School/Trades
"Inspectors, Testers, Sorters, Samplers, and Weighers",35000,39700,48000,58500,67500,5563.773011,High School/Trades
Jewelers and Precious Stone and Metal Workers,32900,38000,46400,55300,79600,298.581386,High School/Trades
Dental Laboratory Technicians,39400,42000,49400,58200,81900,112.4444161,High School/Trades
Medical Appliance Technicians,39200,42400,48900,53900,84400,60.61038048,High School/Trades
Ophthalmic Laboratory Technicians,35900,37000,38100,39900,51000,104.7953878,High School/Trades
Packaging and Filling Machine Operators and Tenders,32500,37200,41300,48700,55000,4184.166338,High School/Trades
"Painting, Coating, and Decorating Workers",32500,37100,43100,51800,61900,64.54218899,High School/Trades
"Coating, Painting, and Spraying Machine Setters, Operators, and Tenders",35000,40700,48800,56300,71000,1353.094162,High School/Trades
Semiconductor Processing Technicians,33600,40900,48800,59700,71000,39.96627712,High School/Trades
Photographic Process Workers and Processing Machine Operators,31300,34400,38800,47900,67800,33.04368443,High School/Trades
Computer Numerically Controlled Tool Operators,40500,48200,53300,63300,68200,2981.531059,High School/Trades
Computer Numerically Controlled Tool Programmers,50400,60800,68000,82100,97800,277.9443972,High School/Trades
Adhesive Bonding Machine Operators and Tenders,38700,41700,51000,54900,62700,181.8408185,High School/Trades
"Cleaning, Washing, and Metal Pickling Equipment Operators and Tenders",35200,36500,38400,42200,52300,185.9468253,High School/Trades
Cooling and Freezing Equipment Operators and Tenders,33100,38800,45100,54300,64800,40.82733393,High School/Trades
Etchers and Engravers,31600,34500,39300,56100,74900,71.33338601,High School/Trades
"Molders, Shapers, and Casters, Except Metal and Plastic",35500,39700,42800,48500,54700,375.9901849,High School/Trades
"Paper Goods Machine Setters, Operators, and Tenders",41100,48600,50400,52700,60400,1532.233492,High School/Trades
Tire Builders,38000,40600,44300,48400,52400,37.02501964,High School/Trades
Helpers--Production Workers,33200,37300,43300,49200,52700,1169.472458,High School/Trades
"Production Workers, All Other",29600,33900,40500,46900,61700,2144.894875,High School/Trades
Aircraft Cargo Handling Supervisors,55000,55200,57800,62400,89700,256.2010479,High School/Trades
"First-Line Supervisors of Transportation and Material Moving Workers, Except Aircraft Cargo Handling Supervisors",45200,50000,63700,78800,92400,4921.081758,High School/Trades
"Airline Pilots, Copilots, and Flight Engineers",113000,159600,243700,306500,399000,705.6179965,Bachelor's degree
Commercial Pilots,68500,88600,120600,185200,257400,482.4648499,High School/Trades
Air Traffic Controllers,82900,106200,149200,189100,215600,101.9507408,High School/Trades
Airfield Operations Specialists,38000,45000,58200,82200,115200,136.1835429,High School/Trades
Flight Attendants,33600,44700,66800,84000,94300,1044.456729,High School/Trades
"Ambulance Drivers and Attendants, Except Emergency Medical Technicians",27400,29400,35600,40600,51600,59.23200504,High School/Trades
Driver/Sales Workers,22700,25100,36200,48100,69700,4604.444113,High School/Trades
Heavy and Tractor-Trailer Truck Drivers,43600,51900,59800,67000,80400,15608.56044,High School/Trades
Light Truck Drivers,29200,39400,46700,58100,88900,9009.172482,High School/Trades
"Bus Drivers, School",38400,42300,49200,52700,60200,2346.474533,High School/Trades
"Bus Drivers, Transit and Intercity",43000,45000,64500,69400,70900,1439.754716,High School/Trades
Shuttle Drivers and Chauffeurs,24800,29700,34600,42300,46500,1744.018879,High School/Trades
Taxi Drivers,29400,32700,37600,40800,44000,703.7713472,High School/Trades
"Motor Vehicle Operators, All Other",23500,27800,37900,42400,50600,696.4611237,High School/Trades
Locomotive Engineers,65300,78300,83700,89000,99700,157.3788344,High School/Trades
"Rail Yard Engineers, Dinkey Operators, and Hostlers",42600,53300,62300,69600,81700,14.67187218,High School/Trades
"Railroad Brake, Signal, and Switch Operators and Locomotive Firers",48700,61100,69000,74600,83600,56.7810131,High School/Trades
Railroad Conductors and Yardmasters,59400,67900,77900,86500,104900,115.6524535,High School/Trades
Subway and Streetcar Operators,59400,77900,88000,93100,93200,78.86580768,High School/Trades
"Rail Transportation Workers, All Other",39000,43800,50200,60400,90200,11.7109137,High School/Trades
Sailors and Marine Oilers,35400,42100,53600,68300,84900,181.7091376,High School/Trades
"Captains, Mates, and Pilots of Water Vessels",62600,81000,103700,124100,136200,233.7917609,High School/Trades
Motorboat Operators,32000,39900,51800,70200,87100,21.40958492,High School/Trades
Ship Engineers,62500,76200,103500,132200,153100,37.52819662,High School/Trades
Bridge and Lock Tenders,31400,37000,53400,68500,76000,18.54143948,High School/Trades
Parking Attendants,22500,26100,31300,33600,36800,801.0193596,High School/Trades
Automotive and Watercraft Service Attendants,30800,33000,37000,39300,40900,533.902691,High School/Trades
Aircraft Service Attendants,35500,39600,43600,50400,58200,157.7742457,High School/Trades
Traffic Technicians,39800,47200,57900,73100,85400,25.91809444,High School/Trades
Transportation Inspectors,52100,90800,125900,139400,149300,145.0797727,High School/Trades
Passenger Attendants,31300,44100,46500,50000,52600,189.0210503,High School/Trades
"Transportation Workers, All Other",29500,31500,45800,56600,65400,65.40460418,High School/Trades
Conveyor Operators and Tenders,40000,43000,46500,51200,62600,280.6552105,High School/Trades
Crane and Tower Operators,41400,49300,71000,96200,101500,364.8436886,High School/Trades
Dredge Operators,41000,47500,55800,66500,78300,7.831478726,High School/Trades
Hoist and Winch Operators,37500,45600,63400,100800,120900,12.99929081,High School/Trades
Industrial Truck and Tractor Operators,38900,42200,48800,57900,74300,7401.098434,High School/Trades
Cleaners of Vehicles and Equipment,26000,30800,37200,43100,50300,2952.43152,High School/Trades
"Laborers and Freight, Stock, and Material Movers, Hand",32800,37500,42000,48200,52200,26595.81659,High School/Trades
Machine Feeders and Offbearers,36500,39700,45700,52000,57900,484.6928007,High School/Trades
"Packers and Packagers, Hand",30100,32900,37700,40900,44500,4335.494526,High School/Trades
Stockers and Order Fillers,30800,34600,39700,47400,63000,25893.16325,High School/Trades
Gas Compressor and Gas Pumping Station Operators,40100,52200,67800,82200,99800,22.78224157,High School/Trades
"Pump Operators, Except Wellhead Pumpers",33500,38900,48000,64800,69200,41.64437019,High School/Trades
Wellhead Pumpers,41900,60100,76900,87500,102300,6.459016352,High School/Trades
Refuse and Recyclable Material Collectors,35000,40300,50700,59800,65000,1044.472862,High School/Trades
"Tank Car, Truck, and Ship Loaders",39100,46500,56600,64500,75400,105.6201324,High School/Trades
"Material Moving Workers, All Other",34700,42600,54000,67400,71200,107.5302177,High School/Trades
